Protocollo;Gruppo;DataOraIncidente;Localizzazione1;STRADA1;Localizzazione2;STRADA2;Strada02;Chilometrica;DaSpecificare;NaturaIncidente;particolaritastrade;TipoStrada;FondoStradale;Pavimentazione;Segnaletica;CondizioneAtmosferica;Traffico;Visibilita;Illuminazione;NUM_FERITI;NUM_RISERVATA;NUM_MORTI;NUM_ILLESI;Longitudine;Latitudine;Confermato;Progressivo;TipoVeicolo;StatoVeicolo;TipoPersona;Sesso;Tipolesione;Deceduto;DecedutoDopo;CinturaCascoUtilizzato;Airbag
1907571;3;10/04/2012 19:20;Strada Urbana;VIA NOMENTANA;all'intersezione con;VIALE VENTUNO APRILE;VIALE VENTUNO APRILE;;;Scontro laterale fra veicoli in marcia;Intersezione semaforizzata;Una carreggiata a senso unico di marcia;Asciutto;Asfaltata;Verticale ed orizzontale;Sereno;Normale;Sufficiente;Sufficiente;0;0;0;10;;;-1;2;Veicolo speciale;In marcia / fermata / arresto;Passeggero;M;Illeso;0;;Non accertato;Inesistente
1907571;3;10/04/2012 19:20;Strada Urbana;VIA NOMENTANA;all'intersezione con;VIALE VENTUNO APRILE;VIALE VENTUNO APRILE;;;Scontro laterale fra veicoli in marcia;Intersezione semaforizzata;Una carreggiata a senso unico di marcia;Asciutto;Asfaltata;Verticale ed orizzontale;Sereno;Normale;Sufficiente;Sufficiente;0;0;0;10;;;-1;2;Veicolo speciale;In marcia / fermata / arresto;Passeggero;M;Illeso;0;;Non accertato;Inesistente
1907571;3;10/04/2012 19:20;Strada Urbana;VIA NOMENTANA;all'intersezione con;VIALE VENTUNO APRILE;VIALE VENTUNO APRILE;;;Scontro laterale fra veicoli in marcia;Intersezione semaforizzata;Una carreggiata a senso unico di marcia;Asciutto;Asfaltata;Verticale ed orizzontale;Sereno;Normale;Sufficiente;Sufficiente;0;0;0;10;;;-1;2;Veicolo speciale;In marcia / fermata / arresto;Passeggero;M;Illeso;0;;Non accertato;Inesistente
1907572;3;10/04/2012 20:20;Strada Urbana;VIA COSTANTINO CORVISIERI;all'intersezione con;VIA FELICE GROSSI GONDI;VIA FELICE GROSSI GONDI;;;Scontro frontale/laterale DX fra veicoli in marcia;Incrocio;Una carreggiata a senso unico di marcia;Asciutto;Asfaltata;Verticale ed orizzontale;Sereno;Normale;Sufficiente;Sufficiente;1;0;0;2;;;-1;1;Autovettura privata;In marcia / fermata / arresto;Conducente;F;Illeso;0;;Non accertato;Inesistente
1907572;3;10/04/2012 20:20;Strada Urbana;VIA COSTANTINO CORVISIERI;all'intersezione con;VIA FELICE GROSSI GONDI;VIA FELICE GROSSI GONDI;;;Scontro frontale/laterale DX fra veicoli in marcia;Incrocio;Una carreggiata a senso unico di marcia;Asciutto;Asfaltata;Verticale ed orizzontale;Sereno;Normale;Sufficiente;Sufficiente;1;0;0;2;;;-1;2;Autovettura privata;In marcia / fermata / arresto;Conducente;M;Illeso;0;;Non accertato;Inesistente
1907572;3;10/04/2012 20:20;Strada Urbana;VIA COSTANTINO CORVISIERI;all'intersezione con;VIA FELICE GROSSI GONDI;VIA FELICE GROSSI GONDI;;;Scontro frontale/laterale DX fra veicoli in marcia;Incrocio;Una carreggiata a senso unico di marcia;Asciutto;Asfaltata;Verticale ed orizzontale;Sereno;Normale;Sufficiente;Sufficiente;1;0;0;2;;;-1;2;Autovettura privata;In marcia / fermata / arresto;Passeggero;F;Rimandato;0;NON DECEDUTO;Non accertato;Inesistente
1907573;1;10/04/2012 14:50;Strada Urbana;PIAZZA D'ARACOELI;da specificare;;;;ALTEZZA LAMPADA ACEA N. 9;Scontro laterale fra veicoli in marcia;Rettilineo;Una carreggiata a senso unico di marcia;Asciutto;Acciotolata;Verticale ed orizzontale;Sereno;Normale;Buona;Ore Diurne;0;0;0;2;;;-1;1;Autobus turistico;In marcia / fermata / arresto;Conducente;M;Illeso;0;;Non accertato;Inesistente
1907573;1;10/04/2012 14:50;Strada Urbana;PIAZZA D'ARACOELI;da specificare;;;;ALTEZZA LAMPADA ACEA N. 9;Scontro laterale fra veicoli in marcia;Rettilineo;Una carreggiata a senso unico di marcia;Asciutto;Acciotolata;Verticale ed orizzontale;Sereno;Normale;Buona;Ore Diurne;0;0;0;2;;;-1;2;Autobus di linea;In marcia / fermata / arresto;Conducente;M;Illeso;0;;Non accertato;Inesistente
1907574;3;10/04/2012 22:15;Strada Urbana;PIAZZA MARIANO ARMELLINI;all'intersezione con;VIA ORESTE TOMMASINI;VIA ORESTE TOMMASINI;;;Scontro frontale/laterale SX fra veicoli in marcia;Intersezione stradale segnalata;Una carreggiata a senso unico di marcia;Asciutto;In cubetti di porfido;Verticale;Sereno;Scarso;Buona;Sufficiente;3;0;0;1;;;-1;1;Autovettura privata;In marcia / fermata / arresto;Conducente;F;Rifiuta cure immediate;0;NON DECEDUTO;Utilizzato;Inesistente
1907574;3;10/04/2012 22:15;Strada Urbana;PIAZZA MARIANO ARMELLINI;all'intersezione con;VIA ORESTE TOMMASINI;VIA ORESTE TOMMASINI;;;Scontro frontale/laterale SX fra veicoli in marcia;Intersezione stradale segnalata;Una carreggiata a senso unico di marcia;Asciutto;In cubetti di porfido;Verticale;Sereno;Scarso;Buona;Sufficiente;3;0;0;1;;;-1;1;Autovettura privata;In marcia / fermata / arresto;Passeggero;M;Rifiuta cure immediate;0;NON DECEDUTO;Utilizzato;Inesistente
1907574;3;10/04/2012 22:15;Strada Urbana;PIAZZA MARIANO ARMELLINI;all'intersezione con;VIA ORESTE TOMMASINI;VIA ORESTE TOMMASINI;;;Scontro frontale/laterale SX fra veicoli in marcia;Intersezione stradale segnalata;Una carreggiata a senso unico di marcia;Asciutto;In cubetti di porfido;Verticale;Sereno;Scarso;Buona;Sufficiente;3;0;0;1;;;-1;2;Autovettura privata;In marcia / fermata / arresto;Conducente;M;Rifiuta cure immediate;0;NON DECEDUTO;Utilizzato;Inesistente
1907574;3;10/04/2012 22:15;Strada Urbana;PIAZZA MARIANO ARMELLINI;all'intersezione con;VIA ORESTE TOMMASINI;VIA ORESTE TOMMASINI;;;Scontro frontale/laterale SX fra veicoli in marcia;Intersezione stradale segnalata;Una carreggiata a senso unico di marcia;Asciutto;In cubetti di porfido;Verticale;Sereno;Scarso;Buona;Sufficiente;3;0;0;1;;;-1;2;Autovettura privata;In marcia / fermata / arresto;Passeggero;F;Illeso;0;;Utilizzato;Inesistente
1907575;20;10/04/2012 15:45;Strada Urbana;VIA DELLA MENDOLA;in prossimità;;del civico n. ;80;;Fuoriuscita dalla sede stradale;Curva senza visuale libera;Una carreggiata a senso unico di marcia;Asciutto;Asfaltata;Verticale;Sereno;Scarso;Buona;Ore Diurne;0;0;0;1;;;-1;1;Autocarro inferiore 35 q.;In marcia / fermata / arresto;Conducente;M;Illeso;0;;Non accertato;Inesistente
1907576;20;10/04/2012 13:40;Strada Urbana;VIALE DI TOR DI QUINTO;in prossimità;;del civico n. ;113;;Tamponamento;Rettilineo;Più di due carreggiate;Asciutto;Asfaltata;Orizzontale;Sereno;Normale;Buona;Ore Diurne;1;0;0;2;;;-1;1;Autovettura privata;In marcia / fermata / arresto;Conducente;F;Rimandato;0;NON DECEDUTO;Non accertato;Inesistente
1907576;20;10/04/2012 13:40;Strada Urbana;VIALE DI TOR DI QUINTO;in prossimità;;del civico n. ;113;;Tamponamento;Rettilineo;Più di due carreggiate;Asciutto;Asfaltata;Orizzontale;Sereno;Normale;Buona;Ore Diurne;1;0;0;2;;;-1;2;Autovettura privata;In marcia / fermata / arresto;Conducente;M;Illeso;0;;Non accertato;Inesistente
1907576;20;10/04/2012 13:40;Strada Urbana;VIALE DI TOR DI QUINTO;in prossimità;;del civico n. ;113;;Tamponamento;Rettilineo;Più di due carreggiate;Asciutto;Asfaltata;Orizzontale;Sereno;Normale;Buona;Ore Diurne;1;0;0;2;;;-1;2;Autovettura privata;In marcia / fermata / arresto;Passeggero;M;Illeso;0;;Non accertato;Inesistente
1907577;3;10/04/2012 15:45;Strada Urbana;Tangenziale Est;da specificare;;;;altezza svincolo A24;Tamponamento Multiplo;Pendenza;Due carreggiate;Asciutto;Asfaltata;Orizzontale;Sereno;Intenso;Buona;Ore Diurne;3;0;0;5;;;-1;1;Autovettura privata;In marcia / fermata / arresto;Conducente;M;Rimandato;0;NON DECEDUTO;Non accertato;Inesistente
1907577;3;10/04/2012 15:45;Strada Urbana;Tangenziale Est;da specificare;;;;altezza svincolo A24;Tamponamento Multiplo;Pendenza;Due carreggiate;Asciutto;Asfaltata;Orizzontale;Sereno;Intenso;Buona;Ore Diurne;3;0;0;5;;;-1;2;Autovettura privata;In marcia / fermata / arresto;Conducente;M;Illeso;0;;Non accertato;Inesistente
1907577;3;10/04/2012 15:45;Strada Urbana;Tangenziale Est;da specificare;;;;altezza svincolo A24;Tamponamento Multiplo;Pendenza;Due carreggiate;Asciutto;Asfaltata;Orizzontale;Sereno;Intenso;Buona;Ore Diurne;3;0;0;5;;;-1;2;Autovettura privata;In marcia / fermata / arresto;Passeggero;F;Illeso;0;;Non accertato;Inesistente
1907577;3;10/04/2012 15:45;Strada Urbana;Tangenziale Est;da specificare;;;;altezza svincolo A24;Tamponamento Multiplo;Pendenza;Due carreggiate;Asciutto;Asfaltata;Orizzontale;Sereno;Intenso;Buona;Ore Diurne;3;0;0;5;;;-1;3;Autovettura privata;In marcia / fermata / arresto;Conducente;M;Illeso;0;;Non accertato;Inesistente
1907577;3;10/04/2012 15:45;Strada Urbana;Tangenziale Est;da specificare;;;;altezza svincolo A24;Tamponamento Multiplo;Pendenza;Due carreggiate;Asciutto;Asfaltata;Orizzontale;Sereno;Intenso;Buona;Ore Diurne;3;0;0;5;;;-1;3;Autovettura privata;In marcia / fermata / arresto;Passeggero;F;Ricoverato;0;NON DECEDUTO;Non accertato;Inesistente
1907577;3;10/04/2012 15:45;Strada Urbana;Tangenziale Est;da specificare;;;;altezza svincolo A24;Tamponamento Multiplo;Pendenza;Due carreggiate;Asciutto;Asfaltata;Orizzontale;Sereno;Intenso;Buona;Ore Diurne;3;0;0;5;;;-1;3;Autovettura privata;In marcia / fermata / arresto;Passeggero;F;Rimandato;0;NON DECEDUTO;Non accertato;Inesistente
1907577;3;10/04/2012 15:45;Strada Urbana;Tangenziale Est;da specificare;;;;altezza svincolo A24;Tamponamento Multiplo;Pendenza;Due carreggiate;Asciutto;Asfaltata;Orizzontale;Sereno;Intenso;Buona;Ore Diurne;3;0;0;5;;;-1;4;Autovettura privata;In marcia / fermata / arresto;Conducente;M;Illeso;0;;Non accertato;Inesploso
1907577;3;10/04/2012 15:45;Strada Urbana;Tangenziale Est;da specificare;;;;altezza svincolo A24;Tamponamento Multiplo;Pendenza;Due carreggiate;Asciutto;Asfaltata;Orizzontale;Sereno;Intenso;Buona;Ore Diurne;3;0;0;5;;;-1;5;Autovettura privata;In marcia / fermata / arresto;Conducente;M;Illeso;0;;Non accertato;Inesploso
1907578;3;10/04/2012 15:00;Strada Urbana;CIRCONVALLAZIONE NOMENTANA;da specificare;;;;direzione salaria alt. uscita via nomentana;Veicolo in marcia contro ostacolo fisso;Rettilineo;Due carreggiate;Asciutto;Asfaltata;Verticale ed orizzontale;Sereno;Normale;Buona;Ore Diurne;1;0;0;0;;;-1;1;Motociclo a solo;In marcia / fermata / arresto;Conducente;M;Ricoverato;0;NON DECEDUTO;Utilizzato;Inesistente
1907579;12;10/04/2012 09:25;Strada Urbana;VIALE DELL'OCEANO PACIFICO;all'intersezione con;VIA AUSTRALIA;VIA AUSTRALIA;;;Scontro frontale fra veicoli in marcia;Incrocio;Una carreggiata a doppio senso;Asciutto;Asfaltata;Verticale ed orizzontale;Sereno;Normale;Buona;Ore Diurne;1;0;0;1;;;-1;1;Autovettura privata;In marcia / fermata / arresto;Conducente;M;Illeso;0;;Utilizzato;Inesistente
1907579;12;10/04/2012 09:25;Strada Urbana;VIALE DELL'OCEANO PACIFICO;all'intersezione con;VIA AUSTRALIA;VIA AUSTRALIA;;;Scontro frontale fra veicoli in marcia;Incrocio;Una carreggiata a doppio senso;Asciutto;Asfaltata;Verticale ed orizzontale;Sereno;Normale;Buona;Ore Diurne;1;0;0;1;;;-1;2;Motociclo a solo;In marcia / fermata / arresto;Conducente;M;Rimandato;0;NON DECEDUTO;Utilizzato;Inesistente
1907580;23;10/04/2012 14:30;Strada Urbana;VIA CRISTOFORO COLOMBO;all'intersezione semaforizzata con;VIA DI MALAFEDE;VIA DI MALAFEDE;;;Tamponamento Multiplo;Intersezione semaforizzata;Due carreggiate;Asciutto;Asfaltata;Verticale ed orizzontale;Sereno;Normale;Buona;Ore Diurne;1;0;0;2;;;-1;1;Autovettura privata;In marcia / fermata / arresto;Conducente;M;Rimandato;0;NON DECEDUTO;Utilizzato;Inesploso
1907580;23;10/04/2012 14:30;Strada Urbana;VIA CRISTOFORO COLOMBO;all'intersezione semaforizzata con;VIA DI MALAFEDE;VIA DI MALAFEDE;;;Tamponamento Multiplo;Intersezione semaforizzata;Due carreggiate;Asciutto;Asfaltata;Verticale ed orizzontale;Sereno;Normale;Buona;Ore Diurne;1;0;0;2;;;-1;2;Autocarro inferiore 35 q.;In marcia / fermata / arresto;Conducente;M;Illeso;0;;Utilizzato;Inesploso
1907580;23;10/04/2012 14:30;Strada Urbana;VIA CRISTOFORO COLOMBO;all'intersezione semaforizzata con;VIA DI MALAFEDE;VIA DI MALAFEDE;;;Tamponamento Multiplo;Intersezione semaforizzata;Due carreggiate;Asciutto;Asfaltata;Verticale ed orizzontale;Sereno;Normale;Buona;Ore Diurne;1;0;0;2;;;-1;3;Autovettura privata;In marcia / fermata / arresto;Conducente;M;Illeso;0;;Utilizzato;Inesploso
1907582;1;10/04/2012 13:30;Strada Urbana;VIA LOMBARDIA;all'intersezione con;VIA AURORA;VIA AURORA;;;Scontro frontale/laterale DX fra veicoli in marcia;Incrocio;Una carreggiata a senso unico di marcia;Asciutto;Asfaltata;Assente;Sereno;Scarso;Buona;Ore Diurne;0;0;0;3;;;-1;1;Autovettura privata;In marcia / fermata / arresto;Conducente;M;Illeso;0;;Utilizzato;Inesistente
1907582;1;10/04/2012 13:30;Strada Urbana;VIA LOMBARDIA;all'intersezione con;VIA AURORA;VIA AURORA;;;Scontro frontale/laterale DX fra veicoli in marcia;Incrocio;Una carreggiata a senso unico di marcia;Asciutto;Asfaltata;Assente;Sereno;Scarso;Buona;Ore Diurne;0;0;0;3;;;-1;2;Autovettura privata;In marcia / fermata / arresto;Conducente;M;Illeso;0;;Utilizzato;Inesistente
1907582;1;10/04/2012 13:30;Strada Urbana;VIA LOMBARDIA;all'intersezione con;VIA AURORA;VIA AURORA;;;Scontro frontale/laterale DX fra veicoli in marcia;Incrocio;Una carreggiata a senso unico di marcia;Asciutto;Asfaltata;Assente;Sereno;Scarso;Buona;Ore Diurne;0;0;0;3;;;-1;2;Autovettura privata;In marcia / fermata / arresto;Passeggero;M;Illeso;0;;Utilizzato;Inesistente
1907584;2;09/04/2012 09:10;Strada Urbana;VIALE SOMALIA;in prossimità;;del civico n. ;136;;Veicolo in marcia contro veicolo in sosta;Rettilineo;Una carreggiata a doppio senso;Asciutto;Asfaltata;Verticale ed orizzontale;Sereno;Scarso;Buona;Ore Diurne;0;0;0;1;;;-1;1;Autovettura privata;In marcia / fermata / arresto;Conducente;M;Illeso;0;;Non accertato;Inesistente
1907585;2;09/04/2012 12:30;Strada Urbana;VIA SALARIA;in prossimità;;del civico n. ;434;;Scontro laterale fra veicoli in marcia;Pendenza;Una carreggiata a doppio senso;Asciutto;Asfaltata;Verticale ed orizzontale;Sereno;Normale;Buona;Ore Diurne;0;0;0;3;;;-1;1;Autovettura privata;In marcia / fermata / arresto;Conducente;F;Illeso;0;;Non accertato;Inesistente
1907585;2;09/04/2012 12:30;Strada Urbana;VIA SALARIA;in prossimità;;del civico n. ;434;;Scontro laterale fra veicoli in marcia;Pendenza;Una carreggiata a doppio senso;Asciutto;Asfaltata;Verticale ed orizzontale;Sereno;Normale;Buona;Ore Diurne;0;0;0;3;;;-1;1;Autovettura privata;In marcia / fermata / arresto;Passeggero;F;Illeso;0;;Non accertato;Inesistente
1907585;2;09/04/2012 12:30;Strada Urbana;VIA SALARIA;in prossimità;;del civico n. ;434;;Scontro laterale fra veicoli in marcia;Pendenza;Una carreggiata a doppio senso;Asciutto;Asfaltata;Verticale ed orizzontale;Sereno;Normale;Buona;Ore Diurne;0;0;0;3;;;-1;2;Autocarro inferiore 35 q.;In marcia / fermata / arresto;Conducente;M;Illeso;0;;Non accertato;Inesistente
1907587;18;11/04/2012 07:15;Strada Urbana;VIA DI TORREVECCHIA;in prossimità;;del civico n. ;1040;;Investimento di pedone;Rettilineo;Una carreggiata a doppio senso;Bagnato (pioggia);Asfaltata;Verticale ed orizzontale;Nuvoloso;Intenso;Buona;Ore Diurne;1;0;0;1;;;-1;;;;Pedone;M;Rimandato;0;NON DECEDUTO;;
1907587;18;11/04/2012 07:15;Strada Urbana;VIA DI TORREVECCHIA;in prossimità;;del civico n. ;1040;;Investimento di pedone;Rettilineo;Una carreggiata a doppio senso;Bagnato (pioggia);Asfaltata;Verticale ed orizzontale;Nuvoloso;Intenso;Buona;Ore Diurne;1;0;0;1;;;-1;1;Autovettura privata;In marcia / fermata / arresto;Conducente;F;Illeso;0;;Non accertato;Inesistente
1907588;18;11/04/2012 08:50;Strada Urbana;VIA DI CASAL SELCE;in corrispondenza;;del civico n. ;389;;Scontro frontale/laterale SX fra veicoli in marcia;Rettilineo;Una carreggiata a doppio senso;Asciutto;Asfaltata;Verticale ed orizzontale;Nuvoloso;Intenso;Buona;Ore Diurne;0;0;0;2;;;-1;1;Autovettura privata;In marcia / fermata / arresto;Conducente;M;Illeso;0;;Non accertato;Esploso
1907588;18;11/04/2012 08:50;Strada Urbana;VIA DI CASAL SELCE;in corrispondenza;;del civico n. ;389;;Scontro frontale/laterale SX fra veicoli in marcia;Rettilineo;Una carreggiata a doppio senso;Asciutto;Asfaltata;Verticale ed orizzontale;Nuvoloso;Intenso;Buona;Ore Diurne;0;0;0;2;;;-1;2;Autovettura privata;In marcia / fermata / arresto;Conducente;M;Illeso;0;;Non accertato;Esploso
1907589;18;11/04/2012 11:00;Statale entro l'abitato;VIA AURELIA;in prossimità;;del civico n. ;745;;Tamponamento;Rettilineo;Due carreggiate;Bagnato (pioggia);Asfaltata;Verticale ed orizzontale;Pioggia in atto;Intenso;Buona;Ore Diurne;0;0;0;2;;;-1;1;Autobus turistico;In marcia / fermata / arresto;Conducente;M;Illeso;0;;Non accertato;Inesistente
1907589;18;11/04/2012 11:00;Statale entro l'abitato;VIA AURELIA;in prossimità;;del civico n. ;745;;Tamponamento;Rettilineo;Due carreggiate;Bagnato (pioggia);Asfaltata;Verticale ed orizzontale;Pioggia in atto;Intenso;Buona;Ore Diurne;0;0;0;2;;;-1;2;Autobus di linea;In marcia / fermata / arresto;Conducente;M;Illeso;0;;Non accertato;Inesistente
1907590;2;09/04/2012 19:20;Strada Urbana;CORSO DI FRANCIA;da specificare;;;;viadotto alt. svinc uscita Pilsudski dir. Parioli;Scontro laterale fra veicoli in marcia;Rettilineo;Due carreggiate;Asciutto;Asfaltata;Verticale ed orizzontale;Sereno;Normale;Buona;Ore Diurne;1;0;0;2;;;-1;1;Autovettura privata;In marcia / fermata / arresto;Conducente;M;Illeso;0;;Non accertato;Inesistente
1907590;2;09/04/2012 19:20;Strada Urbana;CORSO DI FRANCIA;da specificare;;;;viadotto alt. svinc uscita Pilsudski dir. Parioli;Scontro laterale fra veicoli in marcia;Rettilineo;Due carreggiate;Asciutto;Asfaltata;Verticale ed orizzontale;Sereno;Normale;Buona;Ore Diurne;1;0;0;2;;;-1;1;Autovettura privata;In marcia / fermata / arresto;Passeggero;M;Illeso;0;;Non accertato;Inesistente
1907590;2;09/04/2012 19:20;Strada Urbana;CORSO DI FRANCIA;da specificare;;;;viadotto alt. svinc uscita Pilsudski dir. Parioli;Scontro laterale fra veicoli in marcia;Rettilineo;Due carreggiate;Asciutto;Asfaltata;Verticale ed orizzontale;Sereno;Normale;Buona;Ore Diurne;1;0;0;2;;;-1;2;Motociclo a solo;In marcia / fermata / arresto;Conducente;M;Rimandato;0;NON DECEDUTO;Non accertato;Inesistente
1907591;12;10/04/2012 17:00;Provinciale;VIA LAURENTINA;da specificare;;;;dir. S. Palomba - alt. Km. 15.000 c.a.;Veicolo in marcia contro ostacolo accidentale;Curva a visuale libera;Una carreggiata a doppio senso;Asciutto;Asfaltata;Verticale ed orizzontale;Sereno;Normale;Buona;Ore Diurne;0;0;0;2;;;-1;1;Autovettura privata;In marcia / fermata / arresto;Conducente;M;Illeso;0;;Utilizzato;Inesistente
1907591;12;10/04/2012 17:00;Provinciale;VIA LAURENTINA;da specificare;;;;dir. S. Palomba - alt. Km. 15.000 c.a.;Veicolo in marcia contro ostacolo accidentale;Curva a visuale libera;Una carreggiata a doppio senso;Asciutto;Asfaltata;Verticale ed orizzontale;Sereno;Normale;Buona;Ore Diurne;0;0;0;2;;;-1;1;Autovettura privata;In marcia / fermata / arresto;Passeggero;M;Illeso;0;;Utilizzato;Inesistente
1907592;12;10/04/2012 08:05;Strada Urbana;VIALE DELL'ARTE;all'intersezione con;VIALE DELLA LETTERATURA;VIALE DELLA LETTERATURA;;;Scontro frontale/laterale SX fra veicoli in marcia;Incrocio;Una carreggiata a doppio senso;Asciutto;Asfaltata;Verticale ed orizzontale;Sereno;Scarso;Buona;Ore Diurne;0;0;0;2;;;-1;1;Autovettura privata;In marcia / fermata / arresto;Conducente;F;Illeso;0;;Utilizzato;Inesistente
1907592;12;10/04/2012 08:05;Strada Urbana;VIALE DELL'ARTE;all'intersezione con;VIALE DELLA LETTERATURA;VIALE DELLA LETTERATURA;;;Scontro frontale/laterale SX fra veicoli in marcia;Incrocio;Una carreggiata a doppio senso;Asciutto;Asfaltata;Verticale ed orizzontale;Sereno;Scarso;Buona;Ore Diurne;0;0;0;2;;;-1;2;Autovettura privata;In marcia / fermata / arresto;Conducente;F;Illeso;0;;Utilizzato;Inesistente
1907593;9;11/04/2012 07:15;Strada Urbana;VIA TUSCOLANA;all'intersezione semaforizzata con;VIA GELA;VIA GELA;;;Scontro frontale/laterale DX fra veicoli in marcia;Incrocio;Una carreggiata a doppio senso;Asciutto;Asfaltata;Verticale ed orizzontale;Nuvoloso;Normale;Buona;Ore Diurne;1;0;0;1;;;-1;1;Autovettura privata;In marcia / fermata / arresto;Conducente;M;Illeso;0;;Utilizzato;Inesploso
1907593;9;11/04/2012 07:15;Strada Urbana;VIA TUSCOLANA;all'intersezione semaforizzata con;VIA GELA;VIA GELA;;;Scontro frontale/laterale DX fra veicoli in marcia;Incrocio;Una carreggiata a doppio senso;Asciutto;Asfaltata;Verticale ed orizzontale;Nuvoloso;Normale;Buona;Ore Diurne;1;0;0;1;;;-1;2;Motociclo a solo;In marcia / fermata / arresto;Conducente;M;Rimandato;0;NON DECEDUTO;Utilizzato;Inesistente
1907594;9;11/04/2012 11:00;Strada Urbana;VIA TUSCOLANA;da specificare;;;;PROSSIMITA'  VIA  MONSELICE;Infortunio per sola frenata improvvisa;Rettilineo;Una carreggiata a doppio senso;Asciutto;Asfaltata;Verticale ed orizzontale;Nuvoloso;Normale;Buona;Ore Diurne;0;0;0;2;;;-1;1;Motociclo a solo;In marcia / fermata / arresto;Conducente;M;Illeso;0;;Utilizzato;Inesistente
1907594;9;11/04/2012 11:00;Strada Urbana;VIA TUSCOLANA;da specificare;;;;PROSSIMITA'  VIA  MONSELICE;Infortunio per sola frenata improvvisa;Rettilineo;Una carreggiata a doppio senso;Asciutto;Asfaltata;Verticale ed orizzontale;Nuvoloso;Normale;Buona;Ore Diurne;0;0;0;2;;;-1;2;Autovettura privata;In marcia / fermata / arresto;Conducente;M;Illeso;0;;Utilizzato;Inesploso
1907595;2;10/04/2012 15:50;Strada Urbana;CORSO DI FRANCIA;da specificare;;;;in prossimità di via Uruguay;Tamponamento;Rettilineo;Una carreggiata a senso unico di marcia;Asciutto;Asfaltata;Verticale ed orizzontale;Sereno;Normale;Buona;Ore Diurne;1;0;0;4;;;-1;1;Autovettura privata;In marcia / fermata / arresto;Conducente;M;Illeso;0;;Non accertato;Inesploso
1907595;2;10/04/2012 15:50;Strada Urbana;CORSO DI FRANCIA;da specificare;;;;in prossimità di via Uruguay;Tamponamento;Rettilineo;Una carreggiata a senso unico di marcia;Asciutto;Asfaltata;Verticale ed orizzontale;Sereno;Normale;Buona;Ore Diurne;1;0;0;4;;;-1;1;Autovettura privata;In marcia / fermata / arresto;Passeggero;F;Illeso;0;;Non accertato;Inesistente
1907595;2;10/04/2012 15:50;Strada Urbana;CORSO DI FRANCIA;da specificare;;;;in prossimità di via Uruguay;Tamponamento;Rettilineo;Una carreggiata a senso unico di marcia;Asciutto;Asfaltata;Verticale ed orizzontale;Sereno;Normale;Buona;Ore Diurne;1;0;0;4;;;-1;1;Autovettura privata;In marcia / fermata / arresto;Passeggero;M;Illeso;0;;Non accertato;Inesistente
1907595;2;10/04/2012 15:50;Strada Urbana;CORSO DI FRANCIA;da specificare;;;;in prossimità di via Uruguay;Tamponamento;Rettilineo;Una carreggiata a senso unico di marcia;Asciutto;Asfaltata;Verticale ed orizzontale;Sereno;Normale;Buona;Ore Diurne;1;0;0;4;;;-1;1;Autovettura privata;In marcia / fermata / arresto;Passeggero;M;Illeso;0;;Non accertato;Inesistente
1907595;2;10/04/2012 15:50;Strada Urbana;CORSO DI FRANCIA;da specificare;;;;in prossimità di via Uruguay;Tamponamento;Rettilineo;Una carreggiata a senso unico di marcia;Asciutto;Asfaltata;Verticale ed orizzontale;Sereno;Normale;Buona;Ore Diurne;1;0;0;4;;;-1;2;Motociclo a solo;In marcia / fermata / arresto;Conducente;M;Ricoverato;0;NON DECEDUTO;Non accertato;Inesistente
1907596;17;10/04/2012 12:40;Strada Urbana;VIA CICERONE;all'intersezione con;PIAZZA CAVOUR;PIAZZA CAVOUR;;;Scontro laterale fra veicoli in marcia;Incrocio;Una carreggiata a doppio senso;Asciutto;Asfaltata;Verticale ed orizzontale;Sereno;Normale;Buona;Ore Diurne;0;0;0;2;;;-1;1;Autovettura pubblica;In marcia / fermata / arresto;Conducente;M;Illeso;0;;Non accertato;Inesistente
1907596;17;10/04/2012 12:40;Strada Urbana;VIA CICERONE;all'intersezione con;PIAZZA CAVOUR;PIAZZA CAVOUR;;;Scontro laterale fra veicoli in marcia;Incrocio;Una carreggiata a doppio senso;Asciutto;Asfaltata;Verticale ed orizzontale;Sereno;Normale;Buona;Ore Diurne;0;0;0;2;;;-1;2;Autovettura privata;In marcia / fermata / arresto;Conducente;M;Illeso;0;;Non accertato;Inesistente
1907597;2;10/04/2012 19:00;Strada Urbana;VIA DEL FORO ITALICO;da specificare;;;;pross. via dei Campi Sportivi;Scontro laterale fra veicoli in marcia;Rettilineo;Due carreggiate;Asciutto;Asfaltata;Orizzontale;Sereno;Intenso;Buona;Ore Diurne;1;0;0;0;;;-1;1;Motociclo a solo;In marcia / fermata / arresto;Conducente;M;Rimandato;0;NON DECEDUTO;Non accertato;Inesistente
1907598;1;11/04/2012 09:20;Strada Urbana;VIA CRISTOFORO COLOMBO;da specificare;;;;ALTEZZA VIA MARCO POLO ;Tamponamento;Rettilineo;Più di due carreggiate;Asciutto;Asfaltata;Verticale ed orizzontale;Nuvoloso;Normale;Sufficiente;Ore Diurne;1;0;0;1;;;-1;1;Motociclo a solo;In marcia / fermata / arresto;Conducente;F;Rimandato;0;NON DECEDUTO;Non accertato;Inesistente